{"cameraMode":{"drawMode":0,"name":"Shaded","section":"Shading Mode"},"sceneLighting":true,"audioPlay":false,"sceneViewState":{"m_AlwaysRefresh":false,"showFog":true,"showSkybox":true,"showFlares":true,"showImageEffects":true,"showParticleSystems":true,"showVisualEffectGraphs":true,"m_FxEnabled":false},"in2DMode":false,"pivot":{"x":3.2133963108062746,"y":48.96632385253906,"z":1.3869284391403199},"rotation":{"x":0.6862589716911316,"y":-0.0011253347620368004,"z":0.0009996709413826466,"w":0.7273889183998108},"size":12.12435531616211,"orthographic":false}