{"cameraMode":{"drawMode":0,"name":"Shaded","section":"Shading Mode"},"sceneLighting":false,"audioPlay":false,"sceneViewState":{"m_AlwaysRefresh":false,"showFog":true,"showSkybox":false,"showFlares":true,"showImageEffects":true,"showParticleSystems":true,"showVisualEffectGraphs":true,"m_FxEnabled":false},"in2DMode":false,"pivot":{"x":-0.03766084089875221,"y":0.15927395224571229,"z":-0.00955332163721323},"rotation":{"x":0.3203170895576477,"y":0.1720404475927353,"z":-0.05932098627090454,"w":0.929692268371582},"size":0.7108251452445984,"orthographic":false}